"GEO_ID","B27001_E001","B27001_M001","B27001_E002","B27001_M002","B27001_E003","B27001_M003","B27001_E004","B27001_M004","B27001_E005","B27001_M005","B27001_E006","B27001_M006","B27001_E007","B27001_M007","B27001_E008","B27001_M008","B27001_E009","B27001_M009","B27001_E010","B27001_M010","B27001_E011","B27001_M011","B27001_E012","B27001_M012","B27001_E013","B27001_M013","B27001_E014","B27001_M014","B27001_E015","B27001_M015","B27001_E016","B27001_M016","B27001_E017","B27001_M017","B27001_E018","B27001_M018","B27001_E019","B27001_M019","B27001_E020","B27001_M020","B27001_E021","B27001_M021","B27001_E022","B27001_M022","B27001_E023","B27001_M023","B27001_E024","B27001_M024","B27001_E025","B27001_M025","B27001_E026","B27001_M026","B27001_E027","B27001_M027","B27001_E028","B27001_M028","B27001_E029","B27001_M029","B27001_E030","B27001_M030","B27001_E031","B27001_M031","B27001_E032","B27001_M032","B27001_E033","B27001_M033","B27001_E034","B27001_M034","B27001_E035","B27001_M035","B27001_E036","B27001_M036","B27001_E037","B27001_M037","B27001_E038","B27001_M038","B27001_E039","B27001_M039","B27001_E040","B27001_M040","B27001_E041","B27001_M041","B27001_E042","B27001_M042","B27001_E043","B27001_M043","B27001_E044","B27001_M044","B27001_E045","B27001_M045","B27001_E046","B27001_M046","B27001_E047","B27001_M047","B27001_E048","B27001_M048","B27001_E049","B27001_M049","B27001_E050","B27001_M050","B27001_E051","B27001_M051","B27001_E052","B27001_M052","B27001_E053","B27001_M053","B27001_E054","B27001_M054","B27001_E055","B27001_M055","B27001_E056","B27001_M056","B27001_E057","B27001_M057"
"0500000US06001","1638900","933","813053","930","53534","619","52339","642","1195","316","124594","796","121596","893","2998","429","65492","1072","60218","1244","5274","651","115738","947","106258","1129","9480","799","132387","290","125413","724","6974","718","110543","262","104877","669","5666","578","98913","147","93786","777","5127","754","69180","145","68423","264","757","219","42672","198","42429","247","243","144","825847","520","51129","720","50030","748","1099","297","117831","924","114994","1032","2837","480","65435","1075","61964","1166","3471","501","116783","871","110800","1031","5983","727","128317","151","123831","593","4486","560","108491","134","104042","569","4449","565","100057","120","96586","420","3471","417","78575","165","77469","347","1106","288","59229","218","58811","284","418","150"
"0500000US06003","1616","239","804","129","43","21","43","21","0","14","148","44","148","44","0","14","52","33","45","37","7","19","111","65","104","61","7","14","93","58","91","58","2","4","53","36","53","36","0","14","106","54","95","52","11","14","157","47","157","47","0","14","41","29","41","29","0","14","812","154","29","23","29","23","0","14","142","70","131","70","11","17","109","82","107","82","2","4","71","45","56","42","15","15","102","62","102","62","0","14","58","26","58","26","0","14","158","70","154","70","4","7","107","45","107","45","0","14","36","19","36","19","0","14"
"0500000US06005","37999","86","19295","176","1040","117","1035","116","5","9","2449","186","2225","225","224","175","1042","183","1013","180","29","38","1898","145","1693","174","205","122","2423","171","2317","165","106","57","2545","178","1947","240","598","248","2873","156","2742","188","131","100","2954","111","2926","123","28","44","2071","66","2071","66","0","29","18704","154","997","143","991","142","6","9","2083","198","1973","187","110","107","1064","151","1041","153","23","27","1623","158","1523","171","100","98","2157","129","2116","142","41","58","1760","73","1674","101","86","67","3158","136","2993","148","165","114","3487","116","3482","115","5","7","2375","92","2367","89","8","13"
"0500000US06007","205896","110","102300","167","6822","290","6638","328","184","123","16725","381","16040","466","685","304","14544","390","13045","484","1499","340","12605","299","10848","384","1757","328","12513","175","11204","355","1309","357","10678","159","9822","276","856","218","11295","26","10221","300","1074","302","10723","66","10689","74","34","30","6395","97","6395","97","0","32","103596","174","6138","279","5834","295","304","155","16401","364","15880","417","521","188","14506","377","12874","651","1632","478","11764","275","10839","339","925","231","11996","111","11323","222","673","203","10475","104","9409","253","1066","236","12210","48","11597","245","613","243","11805","91","11772","95","33","35","8301","105","8289","108","12","21"
"0500000US06009","45930","39","22781","226","1228","177","1212","182","16","22","2932","248","2810","278","122","126","1106","172","957","176","149","138","1983","167","1912","173","71","59","2639","180","2429","156","210","150","2703","253","2456","290","247","131","3710","118","3357","234","353","188","3855","88","3828","94","27","37","2625","95","2625","95","0","29","23149","228","1128","143","942","153","186","123","2937","190","2883","193","54","54","1221","225","1195","223","26","36","1817","247","1527","238","290","133","2470","135","2438","138","32","33","2557","131","2313","241","244","184","4066","172","3781","254","285","177","4132","107","4132","107","0","29","2821","155","2821","155","0","29"
"0500000US06011","21764","318","11477","472","995","199","940","177","55","60","2554","193","2381","219","173","80","882","94","714","119","168","92","1304","138","1107","167","197","96","1514","150","1340","174","174","104","1211","93","1119","106","92","61","1322","112","1230","125","92","69","1074","154","1053","159","21","34","621","39","621","39","0","25","10287","369","725","106","708","107","17","22","1959","143","1837","139","122","73","908","92","753","146","155","107","1243","111","1191","115","52","44","1431","72","1183","160","248","139","1204","39","1123","57","81","51","1221","432","1161","455","60","50","971","66","929","84","42","44","625","31","625","31","0","25"
"0500000US06013","1160014","303","569972","287","38304","675","37360","754","944","320","100146","1006","97226","1137","2920","589","45160","821","40721","953","4439","688","64459","617","56899","970","7560","923","81385","158","73947","729","7438","706","78099","172","73868","587","4231","570","74398","117","71204","547","3194","541","53328","158","52792","293","536","220","34693","157","34575","161","118","64","590042","260","37125","830","36682","804","443","164","95028","951","92487","1049","2541","480","44633","695","41461","894","3172","558","64939","595","60597","735","4342","592","83047","65","79081","502","3966","505","79439","77","75384","585","4055","588","76967","82","74090","488","2877","480","61615","121","60909","239","706","203","47249","191","46989","226","260","122"
"0500000US06015","24764","126","12349","213","731","90","686","87","45","42","2350","272","2203","264","147","100","799","164","767","163","32","34","1530","195","1381","192","149","109","1413","128","1236","146","177","92","1367","153","1188","140","179","119","1585","50","1499","77","86","49","1664","79","1654","82","10","20","910","68","910","68","0","25","12415","223","743","66","717","66","26","19","2076","236","1942","262","134","112","685","94","661","108","24","33","1332","165","1236","181","96","58","1563","120","1468","138","95","70","1321","75","1268","90","53","60","1852","72","1766","94","86","64","1723","61","1695","73","28","40","1120","71","1120","71","0","25"
"0500000US06017","191763","69","95446","156","5296","191","5122","228","174","105","14929","278","14392","337","537","180","6325","297","5462","344","863","239","8701","282","8052","373","649","247","11988","160","10985","297","1003","264","11838","145","11278","257","560","217","14767","79","13944","308","823","275","13477","60","13445","71","32","35","8125","81","8125","81","0","32","96317","139","5068","225","4943","222","125","77","14291","345","14008","362","283","133","6250","324","6092","336","158","101","8431","272","7894","308","537","173","11972","112","11322","238","650","204","11733","102","11323","157","410","145","15235","85","14627","207","608","194","14057","98","14029","105","28","34","9280","69","9252","73","28","24"
"0500000US06019","1004601","418","499805","465","44190","686","42899","731","1291","346","107488","831","104458","989","3030","558","49440","732","42089","893","7351","757","66933","756","57197","1136","9736","1004","67244","305","59245","772","7999","717","55333","221","48596","740","6737","759","50766","162","46038","585","4728","585","36624","126","36040","348","584","326","21787","152","21651","201","136","107","504796","323","41789","692","40788","683","1001","291","104169","847","101195","992","2974","523","47154","940","43192","1084","3962","559","66647","732","61312","978","5335","638","66874","126","62722","602","4152","603","55055","62","50950","539","4105","528","52672","92","49754","477","2918","484","40987","147","40411","240","576","202","29449","151","29238","177","211","108"
"0500000US06021","28314","13","14464","84","1264","151","1213","161","51","67","2858","158","2716","183","142","119","1288","130","993","170","295","101","1710","114","1491","131","219","108","1811","65","1519","167","292","173","1513","50","1405","84","108","60","1663","58","1497","84","166","77","1449","108","1419","113","30","18","908","117","908","117","0","25","13850","80","1012","78","940","118","72","89","2861","102","2761","120","100","71","1042","90","912","116","130","75","1623","78","1280","197","343","184","1645","55","1454","122","191","104","1594","69","1546","76","48","50","1624","72","1400","80","224","94","1437","66","1437","66","0","25","1012","62","1012","62","0","25"
"0500000US06023","133650","163","65940","208","3878","173","3844","174","34","26","9898","321","9629","334","269","151","7472","317","6871","343","601","195","8028","294","6886","430","1142","288","8924","183","8165","285","759","215","7843","112","7121","266","722","246","7736","55","7173","234","563","234","7812","69","7796","76","16","26","4349","55","4349","55","0","32","67710","161","3714","319","3602","315","112","100","10165","353","10002","360","163","97","7727","314","7337","388","390","201","7832","286","7130","358","702","247","8744","79","8330","169","414","150","7072","140","6809","163","263","107","8195","49","7872","129","323","117","8849","57","8844","58","5","9","5412","58","5405","59","7","9"
"0500000US06025","173281","273","85905","320","7721","405","7656","417","65","66","19723","536","19293","651","430","297","8229","382","7369","472","860","307","11294","427","9628","571","1666","438","10610","294","9467","401","1143","310","9010","305","7909","427","1101","330","8289","157","7589","309","700","248","6704","116","6622","136","82","69","4325","89","4268","107","57","50","87376","157","7561","401","7425","427","136","123","19014","464","18724","471","290","145","7753","386","7302","496","451","251","10366","382","9855","406","511","217","10543","109","9513","301","1030","288","9468","78","8477","252","991","256","9216","86","8391","253","825","233","7589","102","7546","118","43","43","5866","140","5820","139","46","60"
"0500000US06027","18366","146","9202","193","605","127","557","123","48","52","1475","165","1299","176","176","89","527","108","345","119","182","104","814","81","742","70","72","37","1227","74","1139","84","88","60","1048","28","955","62","93","60","1277","30","1174","76","103","67","1332","57","1323","56","9","9","897","54","897","54","0","21","9164","142","515","106","493","105","22","20","1451","147","1388","152","63","63","478","152","389","134","89","88","956","105","920","116","36","35","1007","83","923","87","84","48","1095","80","955","105","140","109","1305","23","1238","54","67","45","1250","87","1243","77","7","20","1107","98","1107","98","0","21"
"0500000US06029","892577","847","444576","863","39701","726","37896","769","1805","473","100906","847","97045","970","3861","576","44730","941","38476","1119","6254","636","57958","967","49712","1247","8246","763","58640","401","49781","882","8859","844","47489","370","40127","938","7362","838","45215","198","41204","413","4011","449","32212","113","31779","178","433","145","17725","109","17625","123","100","57","448001","241","38590","811","37409","881","1181","329","96319","975","92243","1130","4076","610","42771","993","38479","1049","4292","657","58612","805","53648","885","4964","555","58487","81","52808","539","5679","520","48984","55","44128","565","4856","564","47059","82","43671","409","3388","388","34408","102","33945","182","463","144","22771","119","22608","160","163","85"
"0500000US06031","135818","663","68357","685","6872","468","6570","499","302","202","15105","473","14507","521","598","252","7291","391","6388","462","903","337","8627","521","7327","552","1300","360","9523","484","8300","526","1223","327","7385","503","6821","500","564","171","6058","235","5493","320","565","187","4701","124","4648","117","53","47","2795","98","2784","99","11","12","67461","318","6272","265","6129","272","143","120","14682","311","13850","435","832","312","6300","346","5943","361","357","122","9392","330","8477","409","915","289","8819","166","8167","275","652","211","6773","100","6056","244","717","212","6679","7","5967","209","712","209","4885","70","4800","89","85","72","3659","108","3636","118","23","38"
"0500000US06033","67571","85","33742","228","2135","171","2069","179","66","60","6043","291","5592","357","451","243","1801","193","1358","238","443","195","3646","192","2966","273","680","201","3923","119","3243","215","680","176","3632","164","3338","227","294","161","4724","74","4416","150","308","139","4737","106","4714","106","23","25","3101","63","3101","63","0","32","33829","214","2214","193","2212","193","2","7","5288","200","4963","237","325","199","1985","163","1796","185","189","106","3469","127","3186","209","283","164","3892","122","3477","180","415","166","3783","115","3556","147","227","117","4959","77","4753","144","206","133","4962","87","4948","92","14","22","3277","90","3227","101","50","49"
"0500000US06035","23976","214","12455","222","836","78","823","75","13","23","2192","155","2068","110","124","126","1143","158","1003","184","140","112","1535","183","1377","211","158","102","1303","130","1245","127","58","44","1485","164","1303","120","182","122","1566","100","1470","106","96","57","1516","106","1516","106","0","29","879","61","861","67","18","28","11521","69","816","63","708","68","108","70","2084","72","1981","102","103","60","661","74","595","74","66","60","1199","78","1076","87","123","64","1485","98","1414","111","71","49","1243","93","1188","99","55","41","1539","23","1346","95","193","92","1519","51","1509","52","10","13","975","55","967","57","8","12"
"0500000US06037","9742931","2423","4816066","1408","308172","1879","300587","1944","7585","698","789276","2431","758738","2803","30538","1762","444642","2684","383698","3441","60944","2053","698876","2185","586439","3482","112437","2996","701085","504","599939","3054","101146","2983","637885","330","552854","2178","85031","2240","591915","394","539034","2016","52881","1966","398663","489","389048","1036","9615","886","245552","652","243352","754","2200","377","4926865","1583","296338","1863","289287","1925","7051","743","749098","2335","722167","2340","26931","1404","444695","2654","401517","3060","43178","1580","688310","2185","618910","2985","69400","2183","679808","286","611740","2437","68068","2416","641690","227","576297","2070","65393","2093","613100","380","566849","2008","46251","1987","462244","395","454131","807","8113","758","351582","968","348096","1112","3486","610"
"0500000US06039","154708","178","75547","365","6478","328","6294","351","184","118","17558","385","17075","385","483","192","6774","419","5860","548","914","267","8890","287","7338","386","1552","327","9676","189","8273","348","1403","284","7939","175","6971","332","968","279","7828","154","6873","309","955","286","6535","135","6409","167","126","97","3869","77","3869","77","0","32","79161","354","5832","267","5685","308","147","109","16298","387","15818","448","480","217","7831","547","7160","555","671","210","9519","417","8459","422","1060","313","10409","310","9447","374","962","262","8909","234","7953","354","956","292","8377","105","7885","177","492","142","7278","80","7261","83","17","20","4708","103","4705","103","3","6"
"0500000US06041","254598","194","124074","266","7297","336","7129","355","168","203","19882","433","19607","424","275","139","8663","428","7895","438","768","254","9882","363","8854","490","1028","323","14921","208","13263","455","1658","375","18237","138","17057","330","1180","334","18290","186","17560","314","730","247","15160","129","15130","133","30","47","11742","129","11721","132","21","22","130524","200","6781","267","6550","364","231","237","19457","354","19126","374","331","124","7820","341","7358","383","462","234","9652","286","8845","330","807","270","14913","156","14147","235","766","178","18739","57","18071","295","668","292","19790","76","19439","155","351","125","18169","89","18078","141","91","109","15203","103","15168","109","35","39"
"0500000US06043","16924","18","8557","147","393","132","393","132","0","21","1046","139","1012","136","34","35","566","132","496","134","70","78","912","135","771","171","141","103","911","98","819","115","92","98","902","126","816","116","86","67","1323","110","1278","120","45","41","1356","51","1285","93","71","73","1148","85","1135","87","13","31","8367","147","447","109","447","109","0","21","1069","106","1069","106","0","21","339","68","248","199","91","204","833","61","828","61","5","9","875","84","873","84","2","5","861","89","796","112","65","75","1385","107","1219","168","166","132","1479","89","1479","89","0","21","1079","68","1079","68","0","21"
"0500000US06045","89531","33","44227","183","2898","213","2647","242","251","104","6962","305","6536","351","426","182","3366","277","3037","277","329","174","4341","235","3627","293","714","216","5526","123","4471","246","1055","230","5179","83","4405","284","774","276","5643","172","5182","219","461","156","6375","88","6244","191","131","184","3937","83","3851","133","86","118","45304","177","2762","160","2635","183","127","78","7129","246","6826","254","303","148","3113","236","2852","234","261","154","4163","190","3665","226","498","197","5365","97","4882","204","483","198","5198","96","4784","180","414","158","5976","80","5524","193","452","196","6972","66","6954","65","18","21","4626","75","4518","166","108","145"
"0500000US06047","287806","154","145219","164","12809","424","12175","594","634","346","32999","528","31541","630","1458","391","16400","446","14109","493","2291","409","18748","414","15941","552","2807","424","18879","190","16324","504","2555","475","15341","118","13018","410","2323","385","14362","97","13074","364","1288","358","9868","78","9604","154","264","126","5813","86","5746","126","67","108","142587","138","12059","373","11851","355","208","102","31192","477","30005","519","1187","312","14783","500","13377","524","1406","336","18289","362","16723","480","1566","336","18186","57","16326","293","1860","290","15735","83","14164","264","1571","256","14338","75","12894","350","1444","337","10579","93","10270","225","309","227","7426","79","7282","126","144","106"
"0500000US06049","8445","31","4121","160","217","57","191","71","26","33","543","84","384","150","159","130","170","73","158","74","12","21","484","116","351","88","133","81","399","52","380","61","19","30","401","88","344","117","57","79","516","58","454","96","62","72","893","223","841","216","52","75","498","53","498","53","0","19","4324","155","301","115","212","105","89","89","717","103","696","99","21","37","205","72","177","73","28","35","487","132","372","145","115","94","404","107","385","108","19","26","371","54","371","54","0","19","586","60","536","65","50","37","718","77","718","77","0","19","535","70","535","70","0","19"
"0500000US06051","13006","60","7018","207","385","112","385","112","0","21","1003","228","963","215","40","70","363","147","305","153","58","65","1037","168","811","190","226","165","885","242","755","259","130","107","1038","251","734","254","304","180","1118","32","1021","87","97","80","767","24","703","97","64","93","422","29","422","29","0","21","5988","196","284","123","284","123","0","21","726","163","701","166","25","31","257","179","257","179","0","21","1024","213","957","199","67","81","972","201","964","202","8","14","758","259","717","261","41","45","859","94","773","90","86","89","703","75","703","75","0","21","405","65","405","65","0","21"
"0500000US06053","422606","457","210046","503","17472","471","16987","493","485","178","42567","582","40666","598","1901","412","19711","497","16160","619","3551","495","24500","421","18721","612","5779","599","28447","250","23002","714","5445","685","25305","225","21675","537","3630","483","22519","195","20769","330","1750","294","18076","111","17741","199","335","182","11449","94","11289","129","160","95","212560","307","16715","439","16262","466","453","196","41775","533","39921","614","1854","395","19740","608","17531","678","2209","371","25146","378","20943","528","4203","455","27036","132","23587","525","3449","500","24116","94","20989","428","3127","413","23488","69","21879","292","1609","287","19724","100","19339","196","385","161","14820","117","14704","147","116","86"
"0500000US06055","133474","6409","66711","2367","3825","159","3615","221","210","121","10500","222","10144","260","356","150","5445","232","4895","278","550","183","7408","197","6419","381","989","337","9003","114","7927","318","1076","286","8494","326","7831","389","663","235","8996","899","8553","908","443","290","7359","536","7327","538","32","34","5681","832","5681","832","0","32","66763","4054","3494","202","3250","248","244","160","10258","249","9939","266","319","145","4993","228","4642","264","351","147","7420","191","6855","269","565","211","8575","109","7668","342","907","300","8482","84","7892","198","590","180","9003","531","8690","547","313","113","8030","776","8024","774","6","12","6508","2886","6476","2896","32","46"
"0500000US06057","101585","107","50119","156","2447","198","2321","236","126","105","6941","273","6753","302","188","97","2723","214","2526","243","197","137","4444","173","3869","205","575","172","6385","112","5478","253","907","246","5969","86","5422","234","547","230","7200","57","6797","164","403","150","8443","84","8361","139","82","98","5567","118","5564","117","3","9","51466","150","2385","178","2325","187","60","53","6487","196","6234","257","253","157","2526","192","2367","223","159","123","4549","172","4020","258","529","188","6163","107","5592","268","571","232","5684","121","5327","189","357","155","8147","73","7738","197","409","180","9148","78","9148","78","0","32","6377","114","6373","117","4","12"
"0500000US06059","3151837","653","1559482","584","103273","1198","100553","1193","2720","445","258456","1482","249384","1729","9072","1099","143353","1482","128700","1663","14653","1142","202040","1413","177163","2040","24877","1654","209545","250","185951","1307","23594","1310","207287","160","186124","1235","21163","1245","205193","205","192346","1020","12847","940","138460","161","136521","476","1939","420","91875","197","91385","258","490","171","1592355","438","97431","1082","95022","1281","2409","466","248067","1508","239505","1572","8562","905","140617","1518","129554","1514","11063","832","197926","1250","180600","1761","17326","1224","207111","122","187865","1376","19246","1380","213677","75","195152","1030","18525","1034","208159","127","197174","972","10985","959","155827","137","153864","297","1963","299","123540","322","122927","369","613","199"
"0500000US06061","416138","317","204270","314","13192","378","12732","397","460","185","36515","462","35751","513","764","229","14862","477","13887","587","975","304","19901","399","18205","472","1696","341","28713","134","26968","416","1745","400","26843","86","25967","279","876","264","26401","72","25769","186","632","178","21937","104","21907","106","30","34","15906","104","15857","114","49","46","211868","174","12254","379","12076","393","178","98","34566","495","33600","569","966","356","13703","430","12996","443","707","218","20699","306","19454","452","1245","289","28926","115","27776","291","1150","266","27139","62","26266","299","873","296","27693","88","27103","224","590","209","25754","84","25552","168","202","151","21134","109","21048","115","86","58"
"0500000US06063","19291","35","9845","229","610","136","585","137","25","44","1328","214","1253","218","75","74","596","136","596","136","0","21","821","158","784","153","37","54","1023","55","938","96","85","80","839","39","782","50","57","62","1535","114","1309","157","226","173","1931","95","1931","95","0","21","1162","76","1162","76","0","21","9446","227","323","96","304","98","19","32","1139","179","1032","216","107","156","475","91","475","91","0","21","943","144","858","151","85","74","1042","118","954","166","88","127","982","106","844","131","138","117","1586","43","1418","122","168","120","1823","87","1806","86","17","26","1133","46","1133","46","0","21"
"0500000US06065","2455671","858","1224732","893","90170","1133","87507","1201","2663","423","234132","1428","224210","1599","9922","922","113615","1428","98535","1643","15080","1135","152855","1352","129766","1842","23089","1264","165953","455","144928","1350","21025","1245","149078","293","130849","1262","18229","1248","143333","222","131424","932","11909","952","104691","180","103118","376","1573","362","70905","205","70525","254","380","151","1230939","350","84250","986","81903","1077","2347","366","225151","1298","215150","1608","10001","965","112619","1466","100824","1675","11795","998","149453","1166","133925","1408","15528","1209","164007","149","148045","1131","15962","1139","149683","76","132608","976","17075","982","142985","95","132026","856","10959","845","114503","142","112967","308","1536","316","88288","239","87473","306","815","220"
"0500000US06067","1579972","625","774839","536","57047","677","55983","711","1064","278","139999","866","136034","969","3965","566","66413","918","60173","1012","6240","674","107486","869","95780","1287","11706","1046","113480","350","103271","969","10209","961","94489","254","87431","804","7058","770","90411","174","86582","549","3829","503","65833","166","65328","222","505","143","39681","137","39434","190","247","137","805133","360","55065","793","54200","804","865","282","132161","911","128493","1100","3668","573","66313","1135","61160","1208","5153","655","108963","868","102087","1070","6876","709","113754","221","107404","727","6350","723","97531","83","92004","723","5527","708","97020","104","93956","456","3064","452","78298","148","77688","230","610","188","56028","199","55774","233","254","110"
"0500000US06069","67148","39","33825","216","2617","210","2556","213","61","56","6344","269","6198","285","146","105","3129","244","2943","245","186","117","4160","184","3739","233","421","149","5083","70","4543","227","540","218","4257","67","3769","185","488","176","3996","56","3825","109","171","91","2736","78","2716","84","20","25","1503","67","1468","82","35","53","33323","207","2717","244","2648","222","69","77","6349","298","6192","308","157","96","2673","190","2358","222","315","145","3984","132","3700","184","284","143","4700","121","4339","219","361","183","4065","85","3693","189","372","163","3918","74","3601","179","317","168","2889","67","2848","78","41","40","2028","73","2013","74","15","23"
"0500000US06071","2160374","1000","1069279","1163","85473","958","82744","1122","2729","499","216520","1291","206805","1477","9715","1054","104233","1413","90542","1544","13691","1083","146384","974","125579","1526","20805","1273","147502","525","126817","1315","20685","1251","127349","406","110681","992","16668","943","118419","354","107650","1000","10769","1016","79799","219","78615","342","1184","257","43600","187","43327","203","273","118","1091095","613","83150","1520","79973","1573","3177","664","206148","1688","196451","1911","9697","1044","101145","1398","92021","1648","9124","781","146810","1239","132920","1588","13890","1149","147426","345","133289","1086","14137","996","131861","252","116929","1006","14932","921","125091","185","115479","748","9612","749","91069","155","89380","520","1689","460","58395","230","57821","271","574","177"
"0500000US06073","3179471","2599","1574114","2296","111499","1107","108258","1187","3241","585","262589","1388","251661","1538","10928","938","141276","1834","125720","2143","15556","1340","219763","1859","192651","2027","27112","1573","229500","865","205315","1870","24185","1663","194943","515","176675","1376","18268","1259","188248","248","176198","1016","12050","986","139058","294","137296","392","1762","336","87238","242","86897","272","341","137","1605357","1322","107269","1179","104470","1284","2799","483","249747","1548","239100","1950","10647","1246","142151","1707","130737","1810","11414","982","220566","1487","202689","1813","17877","1088","224291","412","207627","1227","16664","1089","195648","214","180550","1004","15098","956","192718","129","179666","808","13052","777","155671","264","153742","467","1929","359","117296","407","116744","414","552","179"
"0500000US06075","826350","293","424062","352","20319","535","19877","560","442","195","41646","609","40560","665","1086","286","30235","731","28379","779","1856","466","81233","670","77425","792","3808","563","72776","162","68724","542","4052","505","58396","147","55520","555","2876","550","52915","133","50984","424","1931","390","39741","118","39060","311","681","297","26801","143","26730","149","71","64","402288","312","19422","381","19185","419","237","118","40286","561","39379","602","907","231","31285","892","29842","945","1443","259","74283","701","72261","798","2022","402","62883","168","60824","406","2059","375","50243","154","48432","374","1811","367","46176","119","44723","387","1453","364","41867","145","41555","221","312","166","35843","289","35706","278","137","89"
"0500000US06077","788996","550","392585","554","31870","702","31423","749","447","155","81057","811","78418","965","2639","531","37243","641","32150","887","5093","757","49679","552","42126","1023","7553","814","55935","288","50041","625","5894","593","47482","245","42855","679","4627","615","42889","264","40069","566","2820","495","29012","255","28717","288","295","181","17418","152","17325","152","93","69","396411","322","30220","611","29607","620","613","210","76839","705","74408","1037","2431","647","35309","661","32467","725","2842","458","49624","557","45552","837","4072","582","54682","159","50856","555","3826","557","47296","117","43964","470","3332","453","44091","120","41869","438","2222","401","34005","138","33493","211","512","173","24345","192","24204","206","141","70"
"0500000US06079","276722","159","137708","260","7762","341","7598","353","164","107","20381","578","19605","629","776","270","20457","556","18902","639","1555","400","13935","403","12031","536","1904","394","15933","192","13923","443","2010","419","14552","133","13221","344","1331","325","16310","120","15196","315","1114","287","17097","117","16966","146","131","90","11281","59","11264","74","17","39","139014","209","7356","339","7142","353","214","116","20122","416","19257","486","865","277","17393","447","16244","506","1149","307","13400","328","12036","465","1364","296","15672","148","14551","259","1121","248","14036","122","12844","308","1192","288","18067","47","17293","229","774","227","19352","79","19244","145","108","116","13616","112","13597","114","19","24"
"0500000US06081","738640","311","367683","293","23739","492","23275","518","464","220","55328","665","54121","686","1207","294","27860","659","25338","832","2522","603","50008","517","46258","746","3750","605","55076","107","52046","462","3030","469","49805","105","46930","478","2875","470","47366","81","45606","478","1760","467","34927","87","34522","196","405","160","23574","89","23417","151","157","131","370957","270","22414","551","21910","555","504","216","52323","595","51181","679","1142","359","25748","717","24226","818","1522","367","46575","606","43954","630","2621","437","53508","98","51347","434","2161","412","49470","148","47312","456","2158","457","48882","49","47689","270","1193","258","39210","98","38802","187","408","179","32827","128","32624","158","203","102"
"0500000US06083","436470","402","216539","405","16784","540","15794","623","990","439","39451","714","37703","820","1748","396","29299","583","25358","782","3941","597","26098","470","21752","721","4346","592","25629","195","20675","536","4954","547","22729","131","19385","459","3344","447","23526","86","21545","360","1981","351","19414","144","19068","160","346","117","13609","132","13522","138","87","47","219931","267","15462","387","14947","435","515","176","38426","707","36999","692","1427","344","30368","724","27739","784","2629","416","24928","413","21957","678","2971","502","24578","112","20755","487","3823","473","22458","45","19636","372","2822","378","24471","68","22925","306","1546","299","21315","85","21026","161","289","139","17925","119","17811","161","114","97"
"0500000US06085","1892227","462","962968","564","61075","788","60369","794","706","254","152569","1105","149719","1236","2850","479","86455","989","79724","1230","6731","833","148891","876","139744","1001","9147","653","143820","286","135558","936","8262","856","127220","160","119130","833","8090","826","116772","143","111848","648","4924","614","74879","188","73464","357","1415","309","51287","252","50898","307","389","166","929259","520","57432","806","56356","835","1076","355","144198","1031","141430","1060","2768","457","79199","1165","74140","1237","5059","568","129380","870","123384","1068","5996","648","131289","179","125761","615","5528","573","124011","27","118526","578","5485","576","112493","90","108583","484","3910","463","82519","164","81599","308","920","274","68738","191","68310","234","428","141"
"0500000US06087","263893","60","131369","140","6846","248","6712","246","134","94","21005","427","20491","478","514","205","16938","452","15819","492","1119","343","14518","336","12739","476","1779","432","15974","131","14673","316","1301","292","16196","157","15116","328","1080","274","16512","64","15437","260","1075","250","15065","79","14864","135","201","115","8315","75","8301","77","14","20","132524","138","7056","288","6974","293","82","54","20266","500","19959","515","307","158","17113","501","15936","571","1177","299","13435","327","12472","404","963","266","15600","100","14407","276","1193","261","15438","103","14273","347","1165","334","17125","123","16418","248","707","221","15926","80","15797","109","129","80","10565","100","10529","106","36","35"
"0500000US06089","179806","104","88234","164","5768","243","5699","249","69","45","15341","300","14567","357","774","233","7103","329","5899","362","1204","324","9840","315","8264","384","1576","346","11276","136","10353","246","923","209","9726","128","8781","253","945","258","11698","73","10877","257","821","237","10727","82","10686","106","41","72","6755","102","6744","103","11","18","91572","154","5891","245","5532","357","359","236","14188","303","13300","408","888","287","6324","297","5695","351","629","246","10349","225","9394","372","955","269","11515","88","10592","309","923","292","9895","76","9211","258","684","244","12601","55","11819","273","782","258","11981","72","11957","74","24","27","8828","96","8820","98","8","14"
"0500000US06091","2647","239","1224","131","0","14","0","14","0","14","106","61","106","61","0","14","114","86","0","14","114","86","10","16","1","2","9","16","101","66","79","68","22","25","209","72","209","72","0","14","232","52","232","52","0","14","262","44","262","44","0","14","190","24","190","24","0","14","1423","185","0","14","0","14","0","14","354","112","262","99","92","70","68","77","2","4","66","77","0","14","0","14","0","14","185","82","128","90","57","60","170","27","170","27","0","14","165","72","162","72","3","7","272","43","272","43","0","14","209","19","209","19","0","14"
"0500000US06093","43221","32","21562","144","1173","94","1069","63","104","70","3684","136","3560","138","124","62","1214","113","1059","144","155","78","1882","116","1551","161","331","108","2638","94","2327","140","311","103","2286","90","2055","115","231","83","2913","60","2657","148","256","135","3511","47","3480","67","31","47","2261","53","2261","53","0","29","21659","135","1154","156","1131","156","23","24","3262","176","3120","193","142","52","1136","109","981","117","155","85","1920","150","1768","162","152","80","2451","132","2276","151","175","72","2282","65","2095","85","187","71","3242","12","3043","77","199","76","3742","36","3732","37","10","12","2470","58","2470","58","0","29"
"0500000US06095","439473","611","214612","554","16047","476","15634","489","413","151","37473","543","35889","673","1584","374","17186","647","15485","712","1701","379","27320","514","24273","648","3047","488","30136","242","28018","502","2118","408","25822","217","23984","448","1838","416","26799","165","25503","351","1296","329","21237","185","21118","204","119","79","12592","112","12527","138","65","68","224861","363","14815","419","14209","471","606","191","35691","484","34643","583","1048","286","17615","627","16362","640","1253","283","27214","571","25573","641","1641","289","30225","164","28838","340","1387","300","26502","128","24972","316","1530","307","29597","99","28438","264","1159","241","25544","102","25346","127","198","104","17658","113","17527","161","131","102"
"0500000US06097","481731","258","236462","250","14218","478","14002","478","216","131","36025","530","34915","635","1110","317","18905","610","17110","700","1795","298","26685","489","23681","595","3004","460","32155","138","27895","512","4260","504","29892","90","27371","431","2521","402","31866","92","30694","287","1172","269","28902","76","28573","240","329","222","17814","104","17770","117","44","56","245269","225","12836","442","12630","455","206","194","35282","523","34475","648","807","315","18748","581","17510","598","1238","260","25994","495","24347","461","1647","362","31784","98","29207","412","2577","426","29705","87","27871","339","1834","323","34285","71","32765","333","1520","335","33115","104","32912","171","203","146","23520","144","23439","166","81","76"
"0500000US06099","550999","207","274898","235","22349","508","21925","521","424","174","56724","604","55250","642","1474","369","26113","728","23545","808","2568","438","36114","582","31443","732","4671","586","37695","62","33579","551","4116","545","32351","83","29522","472","2829","460","29986","65","27614","410","2372","415","21023","102","20822","167","201","124","12543","129","12399","168","144","102","276101","187","21191","490","20715","505","476","174","55214","664","54033","702","1181","286","24967","612","23427","675","1540","372","34724","508","32304","698","2420","409","36518","77","34302","464","2216","458","31601","93","29370","456","2231","439","30849","62","28891","343","1958","341","24057","129","23878","165","179","92","16980","158","16891","179","89","97"
"0500000US06101","97538","335","48613","300","4108","355","3938","355","170","117","9404","447","9222","455","182","91","4112","298","3467","326","645","221","5995","198","5267","270","728","198","6172","102","5576","255","596","234","5683","109","4891","257","792","232","5821","43","5526","142","295","139","4426","50","4408","56","18","23","2892","52","2875","56","17","27","48925","327","3415","178","3310","235","105","107","9216","308","8850","330","366","189","4146","324","3725","333","421","174","6001","231","5649","273","352","135","6191","93","5747","193","444","177","5526","84","5073","192","453","178","5859","56","5385","165","474","160","4753","77","4647","98","106","74","3818","72","3780","83","38","53"
"0500000US06103","64686","44","32029","177","2602","224","2561","220","41","43","5705","253","5342","256","363","170","2512","296","2142","274","370","174","3472","229","3014","308","458","201","3934","145","3408","226","526","233","3494","58","3091","155","403","150","4236","75","3814","202","422","184","3591","147","3591","147","0","32","2483","143","2483","143","0","32","32657","164","2417","207","2352","221","65","74","5716","264","5472","284","244","139","2283","194","1956","199","327","139","3492","175","3403","198","89","74","3685","92","3444","168","241","145","3557","91","3299","168","258","146","4573","57","4194","148","379","146","3941","69","3876","91","65","71","2993","85","2987","86","6","10"
"0500000US06105","15715","53","7555","190","455","104","410","92","45","64","998","118","874","133","124","100","202","130","179","142","23","36","498","24","359","77","139","73","758","96","568","136","190","108","806","39","552","187","254","191","1426","92","1355","111","71","67","1495","70","1462","74","33","37","917","54","917","54","0","21","8160","178","404","134","367","126","37","44","1033","256","854","164","179","201","263","145","223","103","40","78","791","286","695","308","96","122","1094","223","1016","245","78","72","531","147","404","161","127","82","1676","312","1649","311","27","27","1445","95","1445","95","0","21","923","97","923","97","0","21"
"0500000US06107","474648","250","236652","302","21442","598","21013","663","429","200","55067","693","53671","792","1396","397","23892","626","20612","765","3280","482","29550","518","23482","826","6068","739","31460","174","26888","583","4572","594","26297","164","21934","628","4363","573","23267","92","20675","473","2592","460","16208","108","15820","211","388","186","9469","96","9421","104","48","51","237996","263","20423","587","20049","576","374","260","52747","688","51208","805","1539","377","23810","659","21399","830","2411","457","29847","475","27480","627","2367","430","31119","85","28150","481","2969","477","25973","80","22927","511","3046","487","23864","48","21678","445","2186","437","17981","83","17714","165","267","147","12232","108","12200","113","32","28"
"0500000US06109","52028","106","25824","203","1578","142","1494","174","84","104","3484","252","3253","257","231","121","1664","217","1490","216","174","112","2555","215","2242","248","313","162","2968","331","2544","399","424","220","2719","187","2405","212","314","151","3660","65","3442","135","218","110","4296","82","4270","88","26","27","2900","57","2900","57","0","32","26204","145","1219","91","1214","91","5","13","3605","141","3545","156","60","55","1514","138","1361","170","153","97","2443","132","2211","197","232","127","2867","60","2627","150","240","139","2719","86","2650","96","69","55","3977","95","3842","122","135","81","4542","90","4475","84","67","67","3318","86","3308","86","10","16"
"0500000US06111","829932","517","411027","465","27112","652","26460","713","652","280","71634","707","69006","933","2628","629","35513","677","31300","872","4213","552","49563","605","41356","868","8207","690","54045","196","45303","875","8742","851","52360","137","46218","706","6142","700","54481","115","51352","501","3129","491","40526","121","40202","187","324","141","25793","133","25646","153","147","86","418905","261","26609","625","25979","655","630","223","68240","738","65937","767","2303","455","35666","548","32391","686","3275","520","48753","559","43668","708","5085","549","53093","61","47457","628","5636","629","52906","107","47949","552","4957","549","55729","61","52201","439","3528","447","44202","103","43747","166","455","147","33707","160","33501","166","206","86"
"0500000US06113","218859","296","106141","212","6505","292","6398","304","107","77","18890","457","18426","445","464","166","19736","484","18290","641","1446","459","12766","391","11532","524","1234","317","13264","96","11853","379","1411","374","11341","79","10581","251","760","252","10681","69","10430","133","251","111","8015","98","7775","226","240","194","4943","99","4934","94","9","17","112718","241","6352","273","6161","301","191","95","19542","405","18926","432","616","185","21462","422","20405","477","1057","323","12986","274","12118","346","868","263","13304","182","12756","275","548","213","11631","175","11073","267","558","202","11293","39","10632","310","661","305","9435","88","9299","138","136","110","6713","101","6713","101","0","32"
"0500000US06115","81516","454","40360","455","3716","227","3533","242","183","115","8760","341","8315","350","445","188","3096","351","2620","360","476","171","4962","350","4380","391","582","196","5702","207","5093","286","609","210","4353","235","4004","291","349","199","4654","112","4324","185","330","140","3328","111","3264","148","64","101","1789","82","1784","84","5","11","41156","235","3670","313","3551","319","119","75","8189","318","7821","359","368","203","3213","240","2951","256","262","135","5467","224","4997","279","470","171","5910","134","5383","241","527","217","4366","134","4069","168","297","121","4539","80","4378","133","161","100","3556","120","3556","120","0","32","2246","117","2237","117","9","15"
