GEOID,county,tract_count,tract_uninsured,tract_total,tract_rate_pct,uninsured_difference,population_difference,rate_difference_pp
06001,Alameda,379,13940.0,310535.0,4.489027001787238,0.0,0.0,2.700178723813451e-05
06003,Alpine,1,17.0,282.0,6.028368794326241,0.0,0.0,0.00036879432624115083
06005,Amador,10,164.0,4844.0,3.3856317093311312,0.0,0.0,-0.00036829066886889805
06007,Butte,54,3230.0,38266.0,8.440913604766633,0.0,0.0,-8.639523336739785e-05
06009,Calaveras,14,348.0,5508.0,6.318082788671024,0.0,0.0,8.278867102440302e-05
06011,Colusa,6,455.0,3582.0,12.702400893355668,0.0,0.0,0.00040089335566761974
06013,Contra Costa,242,11480.0,192619.0,5.959952029654396,0.0,0.0,-4.79703456042202e-05
06015,Del Norte,9,215.0,3580.0,6.005586592178771,0.0,0.0,-0.00041340782122922803
06017,El Dorado,55,1345.0,26653.0,5.046336247326755,0.0,0.0,0.00033624732675452407
06019,Fresno,225,13449.0,180675.0,7.443752594437526,0.0,0.0,-0.0002474055624741567
06021,Glenn,8,664.0,4310.0,15.406032482598608,0.0,0.0,3.2482598607330715e-05
06023,Humboldt,36,1506.0,24303.0,6.196765831378842,0.0,0.0,-0.00023416862115777093
06025,Imperial,40,1992.0,28662.0,6.94996859953946,0.0,0.0,-3.140046054017631e-05
06027,Inyo,6,209.0,2441.0,8.562064727570668,0.0,0.0,6.472757066866563e-05
06029,Kern,236,14935.0,159870.0,9.341965346844312,0.0,0.0,-3.465315568895733e-05
06031,Kings,31,1924.0,24511.0,7.849536942597202,0.0,0.0,-0.0004630574027979506
06033,Lake,21,887.0,9346.0,9.490691204793494,0.0,0.0,-0.00030879520650550774
06035,Lassen,9,260.0,3345.0,7.772795216741405,0.0,0.0,-0.00020478325859496493
06037,Los Angeles,2498,180646.0,1812813.0,9.964955017423199,0.0,0.0,-4.498257680118911e-05
06039,Madera,34,2693.0,27759.0,9.701358118087827,0.0,0.0,0.0003581180878260426
06041,Marin,63,2035.0,32385.0,6.283773351860429,0.0,0.0,-0.00022664813957096186
06043,Mariposa,6,98.0,2047.0,4.7874938935026865,0.0,0.0,0.000493893502686582
06045,Mendocino,24,1242.0,12641.0,9.825172059172534,0.0,0.0,0.00017205917253448888
06047,Merced,63,4832.0,51258.0,9.426821179133013,0.0,0.0,-0.00017882086698683963
06049,Modoc,4,162.0,1096.0,14.781021897810218,0.0,0.0,2.189781021755266e-05
06051,Mono,4,75.0,2253.0,3.3288948069241013,0.0,0.0,-0.00010519307589884619
06053,Monterey,104,9861.0,71922.0,13.71068657712522,0.0,0.0,-0.0003134228747807555
06055,Napa,40,1823.0,20988.0,8.68591576138746,0.0,0.0,-8.423861254058806e-05
06057,Nevada,26,1259.0,13238.0,9.510500075540111,0.0,0.0,-0.0004999244598877794
06059,Orange,614,47635.0,545654.0,8.72989110315328,0.0,0.0,-0.00010889684672044098
06061,Placer,92,3102.0,63328.0,4.898307225871652,0.0,0.0,0.00030722587165232795
06063,Plumas,7,173.0,2460.0,7.032520325203252,0.0,0.0,-0.00047967479674859703
06065,Riverside,518,43285.0,426079.0,10.158914191969094,0.0,0.0,-8.580803090652012e-05
06067,Sacramento,363,18379.0,289030.0,6.358855482129883,0.0,0.0,-0.00014451787011715567
06069,San Benito,12,960.0,11357.0,8.452936514924716,0.0,0.0,-6.348507528386449e-05
06071,San Bernardino,466,37151.0,395381.0,9.396253234222181,0.0,0.0,0.00025323422218015423
06073,San Diego,737,45955.0,587008.0,7.828683765808984,0.0,0.0,-0.00031623419101567407
06075,San Francisco,244,5524.0,168451.0,3.2792919009088695,0.0,0.0,0.0002919009088695468
06077,San Joaquin,174,10740.0,139615.0,7.692583175160262,0.0,0.0,-0.00041682483973737305
06079,San Luis Obispo,70,3634.0,46465.0,7.820940492844076,0.0,0.0,-5.950715592373257e-05
06081,San Mateo,174,6304.0,125831.0,5.009894223204139,0.0,0.0,-0.00010577679586099009
06083,Santa Barbara,109,9423.0,79874.0,11.797330796003706,0.0,0.0,0.00033079600370555795
06085,Santa Clara,408,16583.0,339868.0,4.879247237162663,0.0,0.0,0.00024723716266361606
06087,Santa Cruz,70,3333.0,46148.0,7.222414839212967,0.0,0.0,0.00041483921296681103
06089,Shasta,50,2507.0,28188.0,8.89385554136512,0.0,0.0,-0.00014445863487999588
06091,Sierra,1,123.0,253.0,48.616600790513836,0.0,0.0,-0.00039920948616156693
06093,Siskiyou,16,482.0,5507.0,8.752496822226258,0.0,0.0,0.00049682222625691
06095,Solano,100,4281.0,75054.0,5.703893196898234,0.0,0.0,-0.00010680310176613972
06097,Sonoma,122,5462.0,76526.0,7.137443483260591,0.0,0.0,0.00044348326059129306
06099,Stanislaus,112,6176.0,96209.0,6.419357856333607,0.0,0.0,0.00035785633360774227
06101,Sutter,21,1217.0,16338.0,7.448892153262333,0.0,0.0,-0.00010784673766650599
06103,Tehama,14,657.0,9460.0,6.945031712473573,0.0,0.0,3.1712473572476085e-05
06105,Trinity,4,214.0,2148.0,9.962756052141527,0.0,0.0,-0.0002439478584719268
06107,Tulare,103,7747.0,84776.0,9.138199490421817,0.0,0.0,0.00019949042181721666
06109,Tuolumne,18,625.0,6824.0,9.158851113716295,0.0,0.0,-0.00014888628370535173
06111,Ventura,190,13996.0,137512.0,10.178020827273256,0.0,0.0,2.082727325536382e-05
06113,Yolo,53,2473.0,47752.0,5.17884067683029,0.0,0.0,-0.00015932316971056792
06115,Yuba,19,1259.0,14590.0,8.629198080877313,0.0,0.0,0.0001980808773129894
